INSERT INTO actor("id", "name") VALUES

(1,'Stefano Accorsi'),
(2,'Vittoria Puccini'),
(3,'Pierfrancesco Favino'),
(4,'Claudio Santamaria'),
(5,'Giorgio Pasotti'),
(6,'Marco Cocci'),
(7,'Sabrina Impacciatore'),
(8,'Adriano Giannini'),
(9,'Daniela Piazza'),
(10,'Annie Potts'),
(11,'Valeria Bruni Tedeschi'),
(12,'Francesca Valtorta'),
(13,'Sara Girolami'),
(14,'Andrea Calligari'),
(15,'Primo Reggiani'),
(16,'Lina Bernardi'),
(17,'Alexia Murray'),
(18,'Nick Nicolosi'),
(19,'Giorgia Sinicorni'),
(20,'John Morris'),
(21,'Nadir Caselli'),
(22,'Antonio Zavatteri'),
(23,'Emanuela Galliussi'),
(24,'Tom Hanks'),
(25,'Tim Allen'),
(26,'Don Rickles'),
(27,'Jim Varney'),
(28,'Wallace Shawn'),
(29,'John Ratzenberger'),
(30,'Erik von Detten'),
(31,'Laurie Metcalf'),
(32,'R. Lee Ermey'),
(33,'Sarah Freeman'),
(34,'Penn Jillette'),
(35,'Tiger Shroff'),
(36,'Shraddha Kapoor'),
(37,'Sunil Grover'),
(38,'Sudheer Babu'),
(39,'Sanjay Mishra'),
(40,'Shaurya Bharadwaj'),
(41,'Kota Srinivasa Rao'),
(42,'Sumit Gulati'),
(43,'Ron Smoorenburg'),
(44,'Tristin Mays'),
(45,'Tequan Richmond'),
(46,'Rolonda Watts'),
(47,'Gary Anthony Williams'),
(48,'Zac Goodspeed'),
(49,'Sven Ruygrok'),
(50,'June Allyson'),
(51,'Dick Powell'),
(52,'David Wayne'),
(53,'Ray Collins'),
(54,'Cecil Kellaway'),
(55,'Robert Keith'),
(56,'Marvin Kaplan'),
(57,'Kathleen Freeman'),
(58,'Steve Martin'),
(59,'Diane Keaton'),
(60,'Martin Short'),
(61,'Kimberly Williams-Paisley'),
(62,'George Newbern'),
(63,'Kieran Culkin'),
(64,'BD Wong'),
(65,'Peter Michael Goetz'),
(66,'Kate McGregor-Stewart'),
(67,'Jane Adams'),
(68,'Eugene Levy'),
(69,'Lori Alan');


INSERT INTO director("id", "name")

VALUES
(1, 'Oleg Pogodin'),
(2, 'Oleg Pogodin'),
(3, 'Curtis Bernhardt'),
(4, 'A.I. Bezzerides'),
(5, 'Theodore Pratt'),
(6, 'Kenneth Gamet'),
(7, 'Hal B. Wallis'),
(8, 'Jerry Wald'),
(9, 'Jack Saper'),
(10, 'Adolph Deutsch'),
(11, 'Bert Glennon'),
(12, 'Warren Low'),
(13, 'Robert M. Haas'),
(14, 'Milo Anderson'),
(15, 'Perc Westmore'),
(16, 'Jesse Hibbs'),
(17, 'Charles Lang'),
(18, 'Howard Deutch'),
(19, 'Mark Steven Johnson'),
(20, 'Mark Steven Johnson'),
(21, 'Jack Keller'),
(22, 'Forest Whitaker'),
(23, 'Ronald Bass'),
(24, 'Ronald Bass'),
(25, 'Ezra Swerdlow'),
(26, 'Deborah Schindler'),
(27, 'Terry McMillan'),
(28, 'Terry McMillan'),
(29, 'Terry McMillan'),
(30, 'Kenneth Edmonds'),
(31, 'Caron K'),
(32, 'Alan Silvestri'),
(33, 'Elliot Davis'),
(34, 'Nancy Meyers'),
(35, 'Nancy Meyers'),
(36, 'Albert Hackett'),
(37, 'Charles Shyer');


INSERT INTO country
VALUES

(1,'Italy'),
(2,'France'),
(3,'United States of America'),
(4,'India'),
(5,'Angola'),
(6,'Germany'),
(7,'Azerbaijan'),
(8,'Bangladesh'),
(9,'Sweden'),
(10,'Belgium'),
(11,'Albania'),
(12,'Afghanistan'),
(13,'Luxembourg'),
(14,'United Kingdom'),
(15,'Kazakhstan'),
(16,'Chile'),
(17,'Latvia'),
(18,'Lithuania'),
(19,'Czech Republic'),
(20,'Madagascar'),
(21,'Croatia'),
(22,'Japan'),
(23,'Denmark'),
(24,'Maldives'),
(25,'Dominican Republic'),
(26,'Algeria'),
(27,'Malaysia'),
(28,'Jamaica'),
(29,'Mexico'),
(30,'Canada'),
(31,'Peru'),
(32,'Montenegro'),
(33,'China'),
(34,'Ireland'),
(35,'Netherlands'),
(36,'Serbia'),
(37,'Indonesia'),
(38,'New Zealand'),
(39,'Brazil'),
(40,'Qatar'),
(41,'South Korea'),
(42,'Nigeria'),
(43,'South Africa'),
(44,'Hungary'),
(45,'Cameroon'),
(46,'Estonia'),
(47,'Paraguay'),
(48,'Greece'),
(49,'Finland'),
(50,'Portugal');


INSERT INTO movie("id", "title", "published", "videoId", "poster", "year", "accountId", "createdAt", "updatedAt") VALUES

(1,'Purple Hearts',1,'tjNj88XJapZq31234567','/images/tjNj88XJapZq3yOz5kRktmhktcr.jpg','2008',2,now(),now()),
(2,'Top Gun: Maverick',1,'rhIRbceoE9lR41234567','/images/rhIRbceoE9lR4veEXuwCC2wARtG.jpg','1942',2,now(),now()),
(3,'Teen Wolf',1,'f4IItQZZ09n7s1234567','/images/f4IItQZZ09n7s8cYX87FgaG1mr2.jpg','1995',2,now(),now()),
(4,'Doctor Strange in the Multiverse of Madness',1,'dbDO8ZPDzt1zh1234567','/images/dbDO8ZPDzt1zhLlr9d1Vq0Lt1zf.jpg','1995',2,now(),now()),
(5,'Nepobedimyy',1,'cbMGWsqR8dM3X1234567','/images/cbMGWsqR8dM3XJj4GdDb85OMpJd.jpg','1995',2,now(),now()),
(6,'Juke Girl',1,'e64sOI48hQXyr1234567','/images/e64sOI48hQXyru7naBFyssKFxVd.jpg','1951',2,now(),now()),
(7,'Grumpier Old Men',1,'zMyfPUelumio31234567','/images/zMyfPUelumio3tiDKPffaUpsQTD.jpg','1995',2,now(),now()),
(8,'Waiting to Exhale',1,'jQh15y5YB7bWz1234567','/images/jQh15y5YB7bWz1NtffNZmRw0s9D.jpg','2005',2,now(),now()),
(9,'Father of the Bride Part II',1,'kRs8d5OsjxgRH1234567','/images/kRs8d5OsjxgRHkqREVd3SCwKeoq.jpg','1997',2,now(),now()),
(10,'Payment on Demand',1,'fq5asd3FzuLTz1234567','/images/fq5asd3FzuLTzfPITWkOpxRo0at.jpg','2017',2,now(),now()),
(11,'Sabrina',1,'5c0ovjT41KnYI1234567','/images/5c0ovjT41KnYIHYuF4AWsTe3sKh.jpg','2008',2,now(),now()),
(12,'Aloha Scooby-Doo!',1,'lymPNGLZgPHuq1234567','/images/lymPNGLZgPHuqM29rKMGV46ANij.jpg','1995',2,now(),now()),
(13,'Bad Day on the Block',1,'9L8aPqmYIqHxE1234567','/images/9L8aPqmYIqHxEODD5SH3ol30ctX.jpg','2011',2,now(),now()),
(14,'47 Meters Down',1,'gV5PCAVCPNxlO1234567','/images/gV5PCAVCPNxlOLFM1bKk50EqLXO.jpg','1995',2,now(),now()),
(15,'Moonlight & Mistletoe',1,'4i0TKXAb4UQWk1234567','/images/4i0TKXAb4UQWkpHtFEM04BAkrjw.jpg','1995',2,now(),now()),
(16,'Dracula: Dead and Loving It',1,'wTFWgGFMufe9a1234567','/images/wTFWgGFMufe9aBr1jjT8DAG5Jy6.jpg','2013',2,now(),now()),
(17,'The Last Rites of Joe May',1,'8yv2ELBNXNYMx1234567','/images/8yv2ELBNXNYMxLgZQuZhU4R3rcF.jpg','1989',2,now(),now()),
(18,'Nixon',1,'lA9HTy84Bb6Zw1234567','/images/lA9HTy84Bb6ZwNeyoZKobcMdpMc.jpg','1995',3,now(),now()),
(19,'Cutthroat Island',1,'t1gAtGXv74SA31234567','/images/t1gAtGXv74SA3JP4tTHXKt5oRy5.jpg','2013',2,now(),now()),
(20,'Fanie Fouries Lobola',1,'hmK9QUWpOaSs11234567','/images/hmK9QUWpOaSs1H7tarzlMNqT60H.jpg','2003',3,now(),now()),
(21,'妙探雙龍',1,'b4vil5ueYJNBN1234567','/images/b4vil5ueYJNBNypHmo1tpuevh4z.jpg','1961',2,now(),now()),
(22,'Four Rooms',1,'lRP9udvPhQaUG1234567','/images/lRP9udvPhQaUG0UG6gc40vEgrX0.jpg','2014',2,now(),now()),
(23,'Легенда №17',1,'80czeJGSoik221234567','/images/80czeJGSoik22fhtUM9WzyjUU4r.jpg','1995',2,now(),now()),
(24,'暖春',1,'iKQoqxN00pk911234567','/images/iKQoqxN00pk91XSsEPARAMvXk5F.jpg','1995',2,now(),now()),
(25,'Two Loves',1,'xNYGynQajpJlx1234567','/images/xNYGynQajpJlxNcnQBslP2EhTW9.jpg','1997',2,now(),now()),
(26,'Siccin: Büyü Haramdir',1,'4XMIR3A60ryzJ1234567','/images/4XMIR3A60ryzJ8vH27ZSvnv1zhG.jpg','2013',3,now(),now()),
(27,'Assassins',1,'qM0BXEQjmnAzl1234567','/images/qM0BXEQjmnAzlkDZ0tYmV6twqMX.jpg','1995',2,now(),now()),
(28,'Powder',1,'dzI7inoFH2DNR1234567','/images/dzI7inoFH2DNRBMJzW551LgDfBQ.jpg','1995',2,now(),now()),
(29,'Eddie Izzard: Glorious',1,'7yUwXXnnoJZYu1234567','/images/7yUwXXnnoJZYuhiUs7GpcgVpOc4.jpg','2009',2,now(),now()),
(30,'The Twelve Trees of Christmas',1,'6ZBHD1ZvYuP0u1234567','/images/6ZBHD1ZvYuP0uhYuOeTMN4Kgxvl.jpg','1995',2,now(),now()),
(31,'Now and Then',1,'qcoOCoN7viOhb1234567','/images/qcoOCoN7viOhboGwhYXyApdDuiq.jpg','2008',2,now(),now()),
(32,'Persuasion',1,'8N4Pf93Vpx3qd1234567','/images/8N4Pf93Vpx3qd5MRkXaNGAUbKEm.jpg','2008',3,now(),now()),
(33,'Une affaire détat',1,'ePCP0mfMTpNws1234567','/images/ePCP0mfMTpNwsjMHeWcg1IIIvUG.jpg','1996',2,now(),now()),
(34,'摇啊摇，摇到外婆桥',1,'k6ODtR38dKEfu1234567','/images/k6ODtR38dKEfuzSGjggr8KDyAF4.jpg','1995',2,now(),now()),
(35,'Recep İvedik',1,'fKfikpOnenc1K1234567','/images/fKfikpOnenc1K4Xlp7K4YTGXc0q.jpg','2013',2,now(),now()),
(36,'Dana Carvey: Squatting Monkeys Tell No Lies',1,'rIPOID2xJm0E11234567','/images/rIPOID2xJm0E1snD5guzKq0hXsP.jpg','1995',3,now(),now()),
(37,'Guillaumet, les ailes du courage',1,'k1CdeqVwh0aih1234567','/images/k1CdeqVwh0aihQ5qLVH6eBKaBFL.jpg','2010',2,now(),now()),
(38,'Babe',1,'qVu0K3t902Nl11234567','/images/qVu0K3t902Nl1eFevjXBh3owd6A.jpg','2014',2,now(),now()),
(39,'Beneath',1,'j8t9TdjjlgaSl1234567','/images/j8t9TdjjlgaSlWcblIfVC8PYis1.jpg','2014',2,now(),now()),
(40,'Dead Man Walking',1,'pgtQceTZKylB21234567','/images/pgtQceTZKylB2B237t18h2pOXpE.jpg','1982',2,now(),now()),
(41,'A Heartland Christmas',1,'ymA7HQqRiyo1x1234567','/images/ymA7HQqRiyo1xrnFFv1ZrwNpwlb.jpg','2016',2,now(),now()),
(42,'Cat Run 2',1,'jkicPZzv5sxhz1234567','/images/jkicPZzv5sxhzIdubYx62MTcvnV.jpg','1980',2,now(),now()),
(43,'The Last Straight Man',1,'2dLyvXVvJXUR91234567','/images/2dLyvXVvJXUR9otoqERkYpao1bB.jpg','1995',3,now(),now()),
(44,'Bugs Bunnys 3rd Movie: 1001 Rabbit Tales',1,'aqQdEQ1ZVdzrR1234567','/images/aqQdEQ1ZVdzrREJxCoPzTlLgHVw.jpg','2013',2,now(),now()),
(45,'Love in Paradise',1,'ntX9KQwyExY0b1234567','/images/ntX9KQwyExY0bNz1OBY9aYQ6Kla.jpg','1999',2,now(),now()),
(46,'The Black Marble',1,'dXrZXDG4DppSI1234567','/images/dXrZXDG4DppSI8wEDrYqw1DstyL.jpg','1995',2,now(),now()),
(47,'Restoration',1,'wnWAZHbjX5Wj61234567','/images/wnWAZHbjX5Wj6hyb0gGmFdMADZk.jpg','1995',2,now(),now()),
(48,'Dont Stop Believin: Everymans Journey',1,'bHDhOoMr2ILOX1234567','/images/bHDhOoMr2ILOXwsNNU7Ye8nUFei.jpg','1997',2,now(),now()),
(49,'Pourquoi pas moi ?',1,'3C2QY5r98yC2M1234567','/images/3C2QY5r98yC2MowWChjCEIgcaDb.jpg','1995',2,now(),now()),
(50,'How To Make An American Quilt',1,'wnUuYc9XnWrTT1234567','/images/wnUuYc9XnWrTTAGz8YjjULA3Zmr.jpg','1995',2,now(),now()),
(51,'Se7en',1,'jgJoRWltoS17n1234567','/images/jgJoRWltoS17nD5MAQ1yK2Ztefw.jpg','1990',2,now(),now()),
(52,'Ovosodo',1,'hwbKoOSUuzuN21234567','/images/hwbKoOSUuzuN2AQppnUxwwd4qOD.jpg','1995',2,now(),now()),
(53,'When Night Is Falling',1,'2NcPyb9vPehZ01234567','/images/2NcPyb9vPehZ0aOjYayDAW1XeVy.jpg','1994',2,now(),now()),
(54,'The Usual Suspects',1,'7fJZbHl3P9oaD1234567','/images/7fJZbHl3P9oaDhLEoJOaaOiX5EF.jpg','2013',2,now(),now()),
(55,'Watchers II',1,'erWfSEcjO4LG61234567','/images/erWfSEcjO4LG69Tlm2mED5JMSqH.jpg','1995',2,now(),now()),
(56,'Mighty Aphrodite',1,'nxNvHzXDvN8zh1234567','/images/nxNvHzXDvN8zhtbAmN5RLr2NSUD.jpg','1997',2,now(),now()),
(57,'Lamerica',1,'tL9ImxOccEshR1234567','/images/tL9ImxOccEshRlgmrKQabKH2tCd.jpg','2016',3,now(),now()),
(58,'iSteve',1,'iqWRyStIQikuQ1234567','/images/iqWRyStIQikuQkZxEfkss8NqsbS.jpg','2000',2,now(),now()),
(59,'Georgia',1,'nYpGQB1np06do1234567','/images/nYpGQB1np06do1L689JTkpzIZJz.jpg','2009',2,now(),now()),
(60,'Kids of the Round Table',1,'d2MguGpvI9sqv1234567','/images/d2MguGpvI9sqvW6LjrKzgITIscy.jpg','1995',2,now(),now()),
(61,'Emmas Chance',1,'bjXfyl2TdoBf91234567','/images/bjXfyl2TdoBf9Wm8H6EPggL1gbz.jpg','2004',2,now(),now()),
(62,'Il postino',1,'y2lZSdJ1o0VvL1234567','/images/y2lZSdJ1o0VvLegTw3ad6KFtxra.jpg','1995',2,now(),now()),
(63,'变节',1,'jYEKdpVvRV3Kd1234567','/images/jYEKdpVvRV3KdyHMUVYyg0KTVSY.jpg','2015',2,now(),now()),
(64,'The Indian in the Cupboard',1,'l6D9f9WbxdI4t1234567','/images/l6D9f9WbxdI4tyCmJGs56y8tQla.jpg','1996',2,now(),now()),
(65,'El chocolate del loro',1,'e0iwJJiLjk8Z61234567','/images/e0iwJJiLjk8Z6A9TuL3neX504H3.jpg','1996',2,now(),now()),
(66,'Mr. Hollands Opus',1,'5s0xNELcxSV4A1234567','/images/5s0xNELcxSV4AcdZFOWS3gKRkAP.jpg','2017',2,now(),now()),
(67,'Ich und Kaminski',1,'8Qz5ZYWiFtq011234567','/images/8Qz5ZYWiFtq01A9hLifymfczyHF.jpg','1995',2,now(),now()),
(68,'Two If by Sea',1,'xpeOvZhpTdknV1234567','/images/xpeOvZhpTdknV1J1MfKs1t6qBvJ.jpg','1976',2,now(),now()),
(69,'Bio-Dome',1,'A5EaTi63r7BDC1234567','/images/A5EaTi63r7BDCbUZtjbKHmNpEZp.jpg','2016',2,now(),now()),
(70,'Les Fausses confidences',1,'xWlaTLnD8NJMT1234567','/images/xWlaTLnD8NJMTT9PGOD9z5re1SL.jpg','1996',2,now(),now()),
(71,'Two Bits',1,'72GvCESvXVrsd1234567','/images/72GvCESvXVrsdrFNM1BknrbKsmz.jpg','1995',2,now(),now()),
(72,'Police Python 357',1,'6GMww0yxvsXi21234567','/images/6GMww0yxvsXi2dBdL1Jrdu2BZhw.jpg','2014',2,now(),now()),
(73,'Punks Dead: SLC Punk 2',1,'lw31gADnsVN6p1234567','/images/lw31gADnsVN6pgHjbcuGUy0g21h.jpg','1973',2,now(),now()),
(74,'From Dusk Till Dawn',1,'ePJCk8puXx28C1234567','/images/ePJCk8puXx28CtvpSpmezpwfVt8.jpg','1977',2,now(),now()),
(75,'Fair Game',1,'kTEpzjzyeYER11234567','/images/kTEpzjzyeYER1WuCm7Seul4Fatc.jpg','2012',2,now(),now()),
(76,'Eager',1,'rjXUJ7utIQoPQ1234567','/images/rjXUJ7utIQoPQd2xaHMSAH8tL2R.jpg','1940',3,now(),now()),
(77,'La dialectique peut-elle casser des briques?',1,'y80rUCrjo6NeL1234567','/images/y80rUCrjo6NeLaFxzkyHNQTUMF5.jpg','1995',2,now(),now()),
(78,'Tarantulas: The Deadly Cargo',1,'1p8flIDJRAsq51234567','/images/1p8flIDJRAsq5sWGcPsWrvpMBTq.jpg','2012',2,now(),now()),
(79,'World Without End',1,'nvgZBd1HzH22a1234567','/images/nvgZBd1HzH22aEm0LwDzP6W8A0X.jpg','2003',2,now(),now()),
(80,'The Lady in Question',1,'diEAZtU6KJzo61234567','/images/diEAZtU6KJzo6VStL5US8arkdIQ.jpg','2012',2,now(),now()),
(81,'Nico Icon',1,'oHTuBUVpBMqtb1234567','/images/oHTuBUVpBMqtbdahqIS9ll9k3kR.jpg','1995',2,now(),now()),
(82,'Villegas',1,'f6jWvN5cbEXMW1234567','/images/f6jWvN5cbEXMWXa75RaE2Plf7NG.jpg','2007',2,now(),now()),
(83,'LOC: Kargil',1,'u7TyDvJMeZZNX1234567','/images/u7TyDvJMeZZNXDehjL1BZvMXIRQ.jpg','1996',2,now(),now()),
(84,'De lautre côté du périph',1,'tsJSlkFSZPQhh1234567','/images/tsJSlkFSZPQhhVuKrYJXNClYaPD.jpg','1931',2,now(),now()),
(85,'Things to Do in Denver When Youre Dead',1,'pfgpkDNcwSi1x1234567','/images/pfgpkDNcwSi1x4jVzeLqvxTwX5a.jpg','1987',2,now(),now()),
(86,'Nightmare City 2035',1,'vLy2Ldg3vGlpX1234567','/images/vLy2Ldg3vGlpXwF8ZeUL40iDtLK.jpg','2013',2,now(),now()),
(87,'Once Upon a Time... When We Were Colored',1,'3a5nomeyzJF4g1234567','/images/3a5nomeyzJF4gG26HouCtce99ki.jpg','1996',2,now(),now()),
(88,'Sidewalks of New York',1,'guRseWNsGbCwC1234567','/images/guRseWNsGbCwCyUEqe3OwCQc21x.jpg','1996',2,now(),now()),
(89,'Shake! Otis at Monterey',1,'efnNa7mkYLrJx1234567','/images/efnNa7mkYLrJxsA4xK3AsPkpiC5.jpg','2008',2,now(),now()),
(90,'Noah',1,'3kYcyD9yAjdji1234567','/images/3kYcyD9yAjdjimYlIiGPfdMVbZb.jpg','1962',2,now(),now()),
(91,'Dunston Checks In',1,'n2vjaTgg29nv31234567','/images/n2vjaTgg29nv30UQ2dQC5QPRHn5.jpg','2013',2,now(),now()),
(92,'Black Sheep',1,'1ayeHhcAvg0Zi1234567','/images/1ayeHhcAvg0ZioNQbd0ufwOlmxw.jpg','1969',2,now(),now()),
(93,'Bedfellows',1,'hditWz2j4kQyn1234567','/images/hditWz2j4kQynHT0BnnHSNqrBw3.jpg','1996',2,now(),now()),
(94,'I Due Colonnelli',1,'8leYqrAL6EubY1234567','/images/8leYqrAL6EubYjOCZuO6ELPdLYe.jpg','1932',3,now(),now()),
(95,'Elena',1,'7xbxwhVxhJ06v1234567','/images/7xbxwhVxhJ06vgRg86FJlrjGRsA.jpg','1995',2,now(),now()),
(96,'The Appointment',1,'6u2N0gn6uUWF41234567','/images/6u2N0gn6uUWF4cSdkXmVB8E8q2X.jpg','1995',2,now(),now()),
(97,'Beautiful Girls',1,'jTzBED0leGPwW1234567','/images/jTzBED0leGPwWDqNewye11qzJgd.jpg','2013',2,now(),now()),
(98,'La cartomancienne',1,'jdYL6f0KXnYBc1234567','/images/jdYL6f0KXnYBcnWnwGtnanJtKlE.jpg','1965',2,now(),now()),
(99,'A Midwinters Tale',1,'j9k3UTx7OZ0xo1234567','/images/j9k3UTx7OZ0xoCws1oACYQZFF5N.jpg','2014',2,now(),now()),
(100,'La Haine',1,'ssM4kbmsy7C8X1234567','/images/ssM4kbmsy7C8XjMjPihICrWPviY.jpg','2011',2,now(),now()),
(101,'The Art of Football from A to Z',1,'uWNAPk7ZEA2391234567','/images/uWNAPk7ZEA239ZrDupk15CeSINY.jpg','2007',3,now(),now()),
(102,'Third Person',1,'ox0mu0vDQfn381234567','/images/ox0mu0vDQfn38WpKeGKiUrocnRT.jpg','2013',2,now(),now()),
(103,'The Art of Love',1,'lknnBl8fvVUtN1234567','/images/lknnBl8fvVUtNRBJNz0MrtYL07d.jpg','2015',2,now(),now()),
(104,'Recipe for Love',1,'lDvmGyc8qbmJG1234567','/images/lDvmGyc8qbmJGYobuY4inVOMzEX.jpg','2002',2,now(),now()),
(105,'Kotoko',1,'axgFPcZrYGai61234567','/images/axgFPcZrYGai6xZSB2KlwmBK4hg.jpg','1995',2,now(),now()),
(106,'Snow Bride',1,'wXRE4Pt32T7dS1234567','/images/wXRE4Pt32T7dSdI2J9K1kjbB301.jpg','1994',2,now(),now()),
(107,'Bad Hair Day',1,'1hotb8WYA0Y2i1234567','/images/1hotb8WYA0Y2iFOcn84MCan6SJ2.jpg','2008',2,now(),now()),
(108,'Mala noćna muzika',1,'uwmkhiFmWCnv51234567','/images/uwmkhiFmWCnv5cLpNCEHUNO8MG3.jpg','1982',2,now(),now()),
(109,'The Bridges of Madison County',1,'q6UKcm1dW2fDs1234567','/images/q6UKcm1dW2fDsoA3PagQkqsNpKK.jpg','1995',2,now(),now()),
(110,'The Spy with a Cold Nose',1,'l00ALsdVyRGmP1234567','/images/l00ALsdVyRGmPIp5EWlEoplki0X.jpg','1966',2,now(),now()),
(111,'The Frankenstein Theory',1,'z1t07PXn3toBV1234567','/images/z1t07PXn3toBVOXLDSGgJyThfES.jpg','2013',2,now(),now()),
(112,'Despite the Falling Snow',1,'x2n4YIVsms3JL1234567','/images/x2n4YIVsms3JL8qCfzrbOg2yx0x.jpg','2016',2,now(),now()),
(113,'Night School',1,'yLEdmdH8sgK0h1234567','/images/yLEdmdH8sgK0hbHT4Oie1l1pt5d.jpg','1981',2,now(),now()),
(114,'Le Bonheur est dans le pré',1,'pDqjCPuyTdysp1234567','/images/pDqjCPuyTdyspCo5XiEC2TLSVrr.jpg','1995',2,now(),now()),
(115,'Anne Frank Remembered',1,'fKCP7MqHT2neE1234567','/images/fKCP7MqHT2neE2kS0yYD8FFxc9s.jpg','1995',2,now(),now()),
(116,'Cavegirl',1,'odifQ57irGc3k1234567','/images/odifQ57irGc3k0x85djZ0yT2Inn.jpg','1985',3,now(),now()),
(117,'If Lucy Fell',1,'zC4WsoeXN2wCr1234567','/images/zC4WsoeXN2wCrUjNzu4iu7ph17Z.jpg','1996',2,now(),now()),
(118,'Steal Big Steal Little',1,'zbnmqJ3eudXxr1234567','/images/zbnmqJ3eudXxrhoZNL3V0WPUg9Z.jpg','1995',2,now(),now()),
(119,'Race the Sun',1,'bT5cALPfDX2f01234567','/images/bT5cALPfDX2f0Y5c8FKOPPZHP2i.jpg','1996',2,now(),now()),
(120,'Старые клячи',1,'zRLV8Gz4x3k4D1234567','/images/zRLV8Gz4x3k4Dc4Zxbmz7jsqNoN.jpg','2000',2,now(),now()),
(121,'Boomerang',1,'pxxYa68L05ZR41234567','/images/pxxYa68L05ZR4vMwc6yB8KqXslo.jpg','1992',2,now(),now()),
(122,'Zombies of Mora Tau',1,'hVZJvhjmI4ZuK1234567','/images/hVZJvhjmI4ZuK8HfRqku8igpESe.jpg','1957',2,now(),now()),
(123,'La liga no es cosa de hombres',1,'bGusLYnTCsK8r1234567','/images/bGusLYnTCsK8rWn4r5hcvMJim19.jpg','1972',2,now(),now()),
(124,'Greta - Haus ohne Männer',1,'rjwEcrZsmljiA1234567','/images/rjwEcrZsmljiA0GUFcLJ4wZ2DhA.jpg','1977',2,now(),now()),
(125,'Elle boit pas, elle fume pas, elle drague pas, mais... elle cause !',1,'tcT7iuSRPFteC1234567','/images/tcT7iuSRPFteCYbusbXJBdrEsfW.jpg','1970',2,now(),now()),
(126,'Lilting',1,'dw5RWgSSDV5h31234567','/images/dw5RWgSSDV5h3ZKS0oSzPe6A26p.jpg','2014',2,now(),now()),
(127,'Finché c guerra c speranza',1,'zeykcgvlY8jHb1234567','/images/zeykcgvlY8jHbfpIrNX5xahnJuW.jpg','1974',2,now(),now()),
(128,'Fraternity Row',1,'koKHFZ0FYd7yG1234567','/images/koKHFZ0FYd7yG1g3RphU6TQRVOg.jpg','1977',2,now(),now()),
(129,'Side Effects',1,'aUGIdAvLKdyyh1234567','/images/aUGIdAvLKdyyhjqQu3ZAuxwxErS.jpg','2005',2,now(),now()),
(130,'Frankie Starlight',1,'wU4NBvZdP1wTA1234567','/images/wU4NBvZdP1wTAq142OR5knnhfG5.jpg','1995',2,now(),now()),
(131,'Jade',1,'q6JEjedx4LoZR1234567','/images/q6JEjedx4LoZRig8U1R5sJqBfti.jpg','1995',2,now(),now()),
(132,'Interruption',1,'7q9FdIaHUvp5r1234567','/images/7q9FdIaHUvp5r5DvY0EWlSDOskH.jpg','2015',2,now(),now()),
(133,'River',1,'zJBvgUlFUhJ591234567','/images/zJBvgUlFUhJ59DUSFSlAZcwtZW5.jpg','2016',2,now(),now()),
(134,'Down Periscope',1,'yve9uLSsmtpZD1234567','/images/yve9uLSsmtpZD7pf3JFoFCg3Qm0.jpg','1996',2,now(),now()),
(135,'The Confessions of Bernhard Goetz',1,'gem8DLdjKMmGS1234567','/images/gem8DLdjKMmGSO7hHsjqs9Pv2Ed.jpg','1987',3,now(),now()),
(136,'Open Season: Scared Silly',1,'bxRJQjCsJu6j41234567','/images/bxRJQjCsJu6j4lvphjVJ5knNebs.jpg','2015',2,now(),now()),
(137,'The Neon Bible',1,'dXB54qH4tkQsJ1234567','/images/dXB54qH4tkQsJs15zze8euk1jPy.jpg','1995',2,now(),now()),
(138,'Sadie McKee',1,'b8niK1RquKFR71234567','/images/b8niK1RquKFR7TZBJbWN8zZPCcT.jpg','1934',2,now(),now()),
(139,'Up Close & Personal',1,'8YlwQ2BBH6PY31234567','/images/8YlwQ2BBH6PY3Tl0bOf0fLep31h.jpg','1996',2,now(),now()),
(140,'Shao Lin dou La Ma',1,'1dKsSfpAqWSc51234567','/images/1dKsSfpAqWSc5UJT9VIqK5JVFI5.jpg','1983',2,now(),now()),
(141,'Popcorn',1,'oGNFwYN6kehsB1234567','/images/oGNFwYN6kehsBWFtau96SDib5fx.jpg','2007',2,now(),now()),
(142,'The Brothers McMullen',1,'vOXbdEXWx0BM1234567','/images/vOXbdEXWx0BMr0gV5PB0PQ1gvt.jpg','1995',2,now(),now()),
(143,'2012 Doomsday',1,'e8YzXziAXKIqn1234567','/images/e8YzXziAXKIqnWJbLI6OzbdkGYD.jpg','2008',2,now(),now()),
(144,'推拿',1,'dYNS4o4Q4DDLi1234567','/images/dYNS4o4Q4DDLiKRAAvZ9KcrhHuy.jpg','2014',2,now(),now()),
(145,'The Basketball Diaries',1,'6JQ9z3V9x4vlU1234567','/images/6JQ9z3V9x4vlU2GSZx2yNO0PvuX.jpg','1995',2,now(),now()),
(146,'O Pátio das Cantigas',1,'4yDMCbodEGCMO1234567','/images/4yDMCbodEGCMOS0aGhLR9wBffB8.jpg','1942',2,now(),now()),
(147,'The Fire Next Time',1,'ej0gD547grj5Q1234567','/images/ej0gD547grj5QMoKuzqKyHuc3Xi.jpg','1993',2,now(),now()),
(148,'The Wonderful Country',1,'iaoJ7nJ8ZV6g31234567','/images/iaoJ7nJ8ZV6g3f8wLQQ8tWCYqKS.jpg','1959',2,now(),now()),
(149,'Aglaja',1,'rHvKWARrhNwSj1234567','/images/rHvKWARrhNwSjbTMJrn5v4LtUJE.jpg','2012',2,now(),now()),
(150,'The Christmas Tree',1,'5CQgpLITPo33A1234567','/images/5CQgpLITPo33AEN1jULsyiHxSDJ.jpg','1991',2,now(),now()),
(151,'Palio',1,'pkdnzpmacniXK1234567','/images/pkdnzpmacniXKJnEmlD7q5KCFrw.jpg','2015',2,now(),now()),
(152,'Sotto dieci bandiere',1,'2E0e0SzgNCCXq1234567','/images/2E0e0SzgNCCXqg4MTrA611ZABvC.jpg','1960',2,now(),now()),
(153,'Aarakshan',1,'vvGuzaTGOFhJY1234567','/images/vvGuzaTGOFhJYL4MqfrR8Ib1WhA.jpg','2011',2,now(),now()),
(154,'Blue in the Face',1,'ugGhvQoGBrefq1234567','/images/ugGhvQoGBrefqmkeBvBgT4YVCRk.jpg','1995',2,now(),now()),
(155,'Canadian Bacon',1,'noae2gOip0JdD1234567','/images/noae2gOip0JdDQYEKpbIdFi9M4X.jpg','1995',3,now(),now()),
(156,'A Holiday Heist',1,'oDJyDX11HW4j51234567','/images/oDJyDX11HW4j565vUjmFagKxDTQ.jpg','2011',2,now(),now()),
(157,'Clockers',1,'gtQRpMxQbLHby1234567','/images/gtQRpMxQbLHbyXpy3RDyivNpFbj.jpg','1995',2,now(),now()),
(158,'Congo',1,'g2txjmOKyMv0m1234567','/images/g2txjmOKyMv0mY1RUshza8jaSGx.jpg','1995',2,now(),now()),
(159,'Crimson Tide',1,'dDDSs4DSVBTG51234567','/images/dDDSs4DSVBTG5s452w5IMZpZYHb.jpg','1995',2,now(),now()),
(160,'Crumb',1,'ivpXGcsPZglyY1234567','/images/ivpXGcsPZglyYrN65THWSD7JM3q.jpg','1994',2,now(),now()),
(161,'Gudsforladt',1,'6ZwsSedjyzR0p1234567','/images/6ZwsSedjyzR0poDrKlJaYWoseaH.jpg','2015',2,now(),now()),
(162,'Jobs',1,'sD0nQpeoHC5k71234567','/images/sD0nQpeoHC5k7vLVfte0ZOkU80x.jpg','2013',2,now(),now()),
(163,'Picture of Light',1,'8SRi8laZyPBdi1234567','/images/8SRi8laZyPBdigx9qn7m3mriiRQ.jpg','1994',2,now(),now()),
(164,'Edge of Tomorrow',1,'vPUHGtDrrghrN1234567','/images/vPUHGtDrrghrNc0PVFUyk2r7YeM.jpg','2014',2,now(),now()),
(165,'Feast of July',1,'eYzhxJXghdiir1234567','/images/eYzhxJXghdiirosLtT32a9d1yjV.jpg','1995',2,now(),now()),
(166,'First Knight',1,'4QPPIAC08BGxd1234567','/images/4QPPIAC08BGxdiP4rpFpmIQyg1f.jpg','1995',2,now(),now()),
(167,'La balsa de piedra',1,'1ZY9hTkwiV0Nj1234567','/images/1ZY9hTkwiV0NjJoSM2zIyojQulD.jpg','2002',3,now(),now()),
(168,'How to Win the US Presidency',1,'r17S4XlQ3Jq5U1234567','/images/r17S4XlQ3Jq5U1KRovFUwU8P4aG.jpg','2016',2,now(),now()),
(169,'Sand Castle',1,'yxyczqvbOdJLy1234567','/images/yxyczqvbOdJLyooGGqL7lRx4uqX.jpg','2017',2,now(),now()),
(170,'Ninja Academy',1,'gMuV7ORN8rRfQ1234567','/images/gMuV7ORN8rRfQPMImby8KRGihO2.jpg','1989',2,now(),now()),
(171,'Voir du pays',1,'sWWb7tX3eEX7M1234567','/images/sWWb7tX3eEX7M0B7t89Gh9rDctX.jpg','2016',2,now(),now()),
(172,'Symptoms',1,'2jDAUZXZFMOWk1234567','/images/2jDAUZXZFMOWkz80tWMzTQNbMnG.jpg','1974',2,now(),now()),
(173,'La più bella serata della mia vita',1,'lY8fmxT7GOLh51234567','/images/lY8fmxT7GOLh5vbllsqAgy3wUcN.jpg','1972',2,now(),now());


INSERT INTO movie_directors_director("movieId", "directorId")
VALUES 

(1, 1),
(1, 2),
(2, 4),
(2, 25),
(2, 29),
(3, 33),
(3, 36),
(4, 17),
(5, 14),
(6, 23),
(6, 10),
(7, 26),
(7, 19),
(7, 6),
(8, 15),
(9, 24),
(9, 12),
(10, 2),
(11, 3),
(12, 33),
(13, 6),
(14, 28),
(15, 22),
(15, 4),
(16, 8),
(17, 9),
(18, 21),
(19, 5),
(19, 10),
(20, 35),
(21, 28),
(21, 11),
(22, 18),
(23, 30),
(24, 19),
(24, 1),
(25, 2),
(26, 3),
(27, 24),
(28, 12),
(29, 30),
(30, 26),
(30, 37),
(30, 2),
(30, 4),
(31, 2),
(32, 8),
(33, 15),
(33, 19),
(34, 1),
(35, 13),
(36, 14),
(37, 25),
(37, 12),
(38, 7),
(39, 18),
(40, 31),
(41, 16),
(42, 8),
(43, 7),
(44, 32),
(45, 7),
(46, 9),
(46, 3),
(47, 6),
(48, 13),
(49, 20),
(50, 15),
(50, 18),
(51, 16),
(52, 13),
(53, 12),
(54, 32),
(54, 14),
(54, 29),
(55, 27),
(56, 25),
(57, 4),
(58, 18),
(59, 34),
(60, 35),
(61, 20),
(61, 21),
(62, 14),
(63, 15),
(64, 3),
(65, 28),
(66, 37),
(67, 26),
(68, 37),
(69, 26),
(70, 34),
(71, 11),
(72, 21),
(73, 31),
(74, 32),
(75, 24),
(76, 25),
(76, 32),
(77, 30),
(78, 11),
(79, 14),
(80, 17),
(80, 14),
(80, 13),
(81, 23),
(82, 26),
(83, 20),
(84, 26),
(85, 21),
(85, 29),
(86, 37),
(86, 35),
(87, 15),
(88, 16),
(88, 18),
(89, 13),
(90, 27),
(91, 22),
(92, 28),
(93, 26),
(93, 25),
(94, 29),
(94, 14),
(94, 18),
(95, 15),
(96, 17),
(97, 1),
(98, 17),
(99, 7),
(100, 34),
(101, 36),
(102, 7),
(103, 9),
(104, 13),
(105, 28),
(106, 23),
(106, 21),
(107, 27),
(108, 22),
(109, 5),
(110, 6),
(110, 24),
(111, 2),
(112, 1),
(112, 32),
(112, 37),
(112, 36),
(113, 34),
(114, 5),
(115, 8),
(116, 19),
(116, 28),
(117, 34),
(118, 37),
(118, 1),
(118, 2),
(119, 33),
(119, 29),
(120, 14),
(121, 15),
(122, 6),
(123, 5),
(124, 4),
(125, 6),
(126, 25),
(127, 14),
(128, 19),
(129, 15),
(129, 27),
(130, 28),
(131, 30),
(132, 31),
(133, 26),
(134, 34),
(135, 34),
(136, 6),
(136, 7),
(137, 9),
(138, 10),
(139, 4),
(140, 6),
(140, 20),
(141, 20),
(142, 7),
(143, 35),
(144, 2),
(145, 2),
(146, 3),
(147, 11),
(148, 4),
(148, 5),
(149, 9),
(150, 11),
(151, 19),
(152, 16),
(153, 15),
(154, 8),
(155, 3),
(155, 7),
(156, 36),
(157, 3),
(158, 8),
(159, 9),
(160, 17),
(161, 14),
(162, 28),
(162, 24),
(162, 8),
(163, 4),
(164, 6),
(165, 22),
(166, 29),
(167, 20),
(168, 10),
(169, 30),
(170, 37),
(170, 6),
(170, 16),
(171, 3),
(171, 7),
(172, 5),
(173, 20),
(173, 30);


INSERT INTO movie_actors_actor("movieId", "actorId")
VALUES 

(1, 1),
(1, 2),
(2, 4),
(2, 25),
(2, 29),
(3, 33),
(3, 36),
(4, 17),
(5, 14),
(6, 23),
(6, 10),
(7, 26),
(7, 19),
(7, 6),
(8, 15),
(9, 24),
(9, 12),
(10, 2),
(11, 3),
(12, 33),
(13, 6),
(14, 28),
(15, 22),
(15, 4),
(16, 8),
(17, 9),
(18, 21),
(19, 5),
(19, 66),
(20, 35),
(21, 28),
(21, 11),
(22, 18),
(23, 30),
(24, 19),
(24, 1),
(25, 45),
(26, 3),
(27, 24),
(28, 12),
(29, 30),
(30, 26),
(30, 37),
(30, 2),
(30, 4),
(31, 2),
(32, 8),
(33, 16),
(33, 38),
(34, 49),
(35, 13),
(36, 14),
(37, 25),
(37, 20),
(38, 7),
(39, 32),
(40, 31),
(41, 34),
(42, 8),
(43, 7),
(44, 32),
(45, 7),
(46, 39),
(46, 3),
(47, 6),
(48, 13),
(49, 20),
(50, 15),
(50, 53),
(51, 16),
(52, 13),
(53, 12),
(54, 32),
(54, 14),
(54, 29),
(55, 27),
(56, 25),
(57, 4),
(58, 18),
(59, 34),
(60, 35),
(61, 20),
(61, 21),
(62, 56),
(63, 15),
(64, 3),
(65, 28),
(66, 37),
(67, 26),
(68, 37),
(69, 26),
(70, 63),
(71, 11),
(72, 46),
(73, 31),
(74, 32),
(75, 24),
(76, 25),
(76, 32),
(77, 30),
(78, 11),
(79, 14),
(80, 17),
(80, 47),
(80, 13),
(81, 23),
(82, 26),
(83, 20),
(84, 26),
(85, 21),
(85, 29),
(86, 37),
(86, 69),
(87, 15),
(88, 16),
(88, 18),
(89, 13),
(90, 27),
(91, 22),
(92, 28),
(93, 26),
(93, 51),
(94, 29),
(94, 14),
(94, 18),
(95, 15),
(96, 17),
(97, 1),
(98, 17),
(99, 7),
(100, 34),
(101, 36),
(102, 7),
(103, 60),
(104, 13),
(105, 28),
(106, 23),
(106, 21),
(107, 27),
(108, 22),
(109, 5),
(110, 6),
(110, 24),
(111, 2),
(112, 1),
(112, 32),
(112, 37),
(112, 50),
(113, 34),
(114, 5),
(115, 8),
(116, 19),
(116, 51),
(117, 52),
(118, 53),
(118, 61),
(118, 62),
(119, 63),
(119, 54),
(120, 55),
(121, 56),
(122, 38),
(123, 39),
(124, 40),
(125, 57),
(126, 58),
(127, 59),
(128, 64),
(129, 65),
(129, 66),
(130, 67),
(131, 68),
(132, 41),
(133, 42),
(134, 43),
(135, 44),
(136, 45),
(136, 46),
(137, 47),
(138, 48),
(139, 49),
(140, 50),
(140, 20),
(141, 20),
(142, 7),
(143, 35),
(144, 2),
(145, 2),
(146, 3),
(147, 11),
(148, 4),
(148, 5),
(149, 9),
(150, 11),
(151, 19),
(152, 16),
(153, 15),
(154, 8),
(155, 3),
(155, 7),
(156, 36),
(157, 3),
(158, 8),
(159, 9),
(160, 17),
(161, 14),
(162, 28),
(162, 24),
(162, 8),
(163, 4),
(164, 6),
(165, 22),
(166, 29),
(167, 20),
(168, 10),
(169, 30),
(170, 37),
(170, 6),
(170, 16),
(171, 3),
(171, 7),
(172, 5),
(173, 20),
(173, 30);


INSERT INTO movie_production_countries_country("movieId", "countryId")
VALUES 

(1, 1),
(1, 2),
(2, 4),
(2, 25),
(2, 29),
(3, 33),
(3, 36),
(4, 17),
(5, 14),
(6, 23),
(6, 10),
(7, 26),
(7, 19),
(7, 6),
(8, 15),
(9, 24),
(9, 12),
(10, 2),
(11, 3),
(12, 33),
(13, 6),
(14, 28),
(15, 22),
(15, 4),
(16, 8),
(17, 9),
(18, 21),
(19, 5),
(19, 50),
(20, 35),
(21, 28),
(21, 11),
(22, 18),
(23, 30),
(24, 19),
(24, 1),
(25, 45),
(26, 3),
(27, 24),
(28, 12),
(29, 30),
(30, 26),
(30, 37),
(30, 2),
(30, 4),
(31, 2),
(32, 8),
(33, 16),
(33, 38),
(34, 49),
(35, 13),
(36, 14),
(37, 25),
(37, 20),
(38, 7),
(39, 32),
(40, 31),
(41, 34),
(42, 8),
(43, 7),
(44, 32),
(45, 7),
(46, 39),
(46, 3),
(47, 6),
(48, 13),
(49, 20),
(50, 15),
(50, 43),
(51, 16),
(52, 13),
(53, 12),
(54, 32),
(54, 14),
(54, 29),
(55, 27),
(56, 25),
(57, 4),
(58, 18),
(59, 34),
(60, 35),
(61, 20),
(61, 21),
(62, 46),
(63, 15),
(64, 3),
(65, 28),
(66, 37),
(67, 26),
(68, 37),
(69, 26),
(70, 33),
(71, 11),
(72, 46),
(73, 31),
(74, 32),
(75, 24),
(76, 25),
(76, 32),
(77, 30),
(78, 11),
(79, 14),
(80, 17),
(80, 47),
(80, 13),
(81, 23),
(82, 26),
(83, 20),
(84, 26),
(85, 21),
(85, 29),
(86, 37),
(86, 49),
(87, 15),
(88, 16),
(88, 18),
(89, 13),
(90, 27),
(91, 22),
(92, 28),
(93, 26),
(93, 50),
(94, 29),
(94, 14),
(94, 18),
(95, 15),
(96, 17),
(97, 1),
(98, 17),
(99, 7),
(100, 34),
(101, 36),
(102, 7),
(103, 30),
(104, 13),
(105, 28),
(106, 23),
(106, 21),
(107, 27),
(108, 22),
(109, 5),
(110, 6),
(110, 24),
(111, 2),
(112, 1),
(112, 32),
(112, 37),
(112, 50),
(113, 34),
(114, 5),
(115, 8),
(116, 19),
(116, 42),
(117, 12),
(118, 23),
(118, 24),
(118, 35),
(119, 48),
(119, 14),
(120, 47),
(121, 50),
(122, 38),
(123, 39),
(124, 40),
(125, 40),
(126, 50),
(127, 39),
(128, 34),
(129, 25),
(129, 36),
(130, 17),
(131, 28),
(132, 41),
(133, 42),
(134, 43),
(135, 44),
(136, 45),
(136, 46),
(137, 47),
(138, 48),
(139, 49),
(140, 50),
(140, 20),
(141, 20),
(142, 7),
(143, 35),
(144, 2),
(145, 2),
(146, 3),
(147, 11),
(148, 4),
(148, 5),
(149, 9),
(150, 11),
(151, 19),
(152, 16),
(153, 15),
(154, 8),
(155, 3),
(155, 7),
(156, 36),
(157, 3),
(158, 8),
(159, 9),
(160, 17),
(161, 14),
(162, 28),
(162, 24),
(162, 8),
(163, 4),
(164, 6),
(165, 22),
(166, 29),
(167, 20),
(168, 10),
(169, 30),
(170, 37),
(170, 6),
(170, 16),
(171, 3),
(171, 7),
(172, 5),
(173, 20),
(173, 30);
